6.912954394558769033e-01,-5.683852747141437511e+00
4.848051068625304438e+00,5.484701498269584974e+00
3.828476982522310834e+00,5.675592301676869234e+00
1.077207056065688118e+00,7.432385474186099295e+00
2.662220001333636343e+00,6.324674394309909076e+00
3.679747492739807058e+00,5.804692481524957870e+00
2.602372374364005925e+00,5.778928572913291539e+00
-1.062175106730872898e+00,-8.775431408201235683e+00
3.372264766037175399e+00,5.295247893624084767e+00
4.834445159456494778e+00,-7.888543794768657413e+00
7.080410110659449252e+00,-1.349398525281497996e+01
3.184553462987111505e+00,4.742549974906232535e+00
-5.226069212660868324e+00,-5.454291194921950137e+00
-1.889580936112817300e+00,-8.836683496362420343e+00
7.366748843078207543e+00,-8.682868585985236365e+00
4.965628438745679496e+00,-5.844985363945594870e+00
6.746875967787545392e+00,-1.028670479569171192e+01
7.006985268717442317e+00,-8.396631926389392930e+00
7.970877848904992513e-01,-1.015743611681673819e+00
3.861101904809880025e+00,4.918932434142357479e+00
5.585391693153913373e+00,-5.054753634149938613e+00
3.175370505979348668e+00,5.587500462231449916e+00
4.352570446068593668e+00,-8.890159322934932717e+00
1.482634976854580122e+00,-6.348822401462893339e+00
-7.307568190538213937e-01,-1.840389325949798760e+00
4.837096712855224467e+00,-9.958803624595802262e+00
8.516736385168639956e+00,-1.096833632106110024e+01
1.095111308043426490e+00,5.273105571270439995e+00
4.462226587663961297e+00,-9.405785787632938266e+00
6.457103355597300975e+00,-4.816711766744198542e+00
3.884638826924198707e+00,-8.842399347542103882e+00
-1.134220122527962671e+00,-5.074266390481896316e+00
-1.878812821752109619e+00,-4.937888692606225760e+00
7.855978165495264065e+00,-7.568395079401522452e+00
2.191685300347100185e+00,-1.227936440255878026e+01
5.323654579419809352e+00,4.491157886132646659e+00
4.199900988017226666e-01,5.180659499905972964e+00
4.373196797240273881e+00,-1.049652481577248331e+01
1.457851099357139413e+00,5.507638890558722800e+00
-1.893917757029818683e+00,-1.892360346069689392e+00
2.597823933289802767e+00,4.876368775541018330e+00
1.978809088105714098e+00,3.635195347180623315e+00
2.447839920394570878e+00,6.108263171215202014e+00
2.961128994564038219e+00,6.544257345060783493e+00
1.601902168724346653e+00,4.697208674001789319e-01
5.890057330277542746e+00,-1.086234597688884485e+01
-3.711459451455773717e+00,-2.643080620086613486e+00
8.106265485250025549e+00,-9.526341590925630598e+00
1.356501114417819842e+00,-9.291512325151566998e+00
3.354170530990508325e+00,-4.883555428658503672e-02
2.897774469245713025e+00,5.493490886358527447e+00
3.657991468752345376e+00,4.196819603284934530e+00
3.277621946632294225e+00,2.474766645187696845e+00
1.275376415802181418e+00,5.061969737719905105e+00
3.131765090862707712e+00,4.531523629724491187e+00
2.031395524245236839e+00,6.576699587632170108e+00
-1.247315503864106168e+00,-1.221226853738135532e+01
3.111900069902083121e+00,4.558523403397592766e+00
4.905933094190453758e+00,-7.955651974028245199e+00
5.728065110874002164e-01,-7.128886732306942697e+00
6.249617689460604808e+00,-9.009340144222512947e+00
4.427572373568308350e+00,-1.012699681326956558e+01
-7.268106048818456344e+00,-6.517867271507461702e+00
7.626671613361576618e+00,-8.456255960039733566e+00
-2.771090577502026253e+00,-6.101943540591815207e+00
2.152868780120470449e-01,-7.336529917308778792e+00
4.810228081805759892e+00,-8.816885441814541480e+00
6.454552754572142170e+00,-1.005429593604604221e+01
3.859817839625288016e+00,3.864910814764440872e+00
3.017032817718609206e+00,4.418423208431496718e+00
3.755405698717209084e+00,4.267984050821310937e+00
-3.485160147356443527e+00,5.447461367000769883e-01
5.645279376900012913e+00,-9.154405142773434534e+00
3.313666779005109753e+00,3.718874878639733428e+00
3.790540113031985570e+00,-9.166218834087107581e+00
4.598173870694473919e+00,-9.842588496978526891e+00
-8.588422318967754432e-01,1.721516315515901674e+00
3.625813743643841125e+00,-1.338698848455409873e+01
8.997696895619279545e+00,-1.287679092367600475e+01
4.197803172659846815e+00,-7.910797462066363472e+00
2.034632802814356989e+00,-7.915560896224450360e+00
1.093712361611723027e+00,6.890178380072284448e+00
2.345760392774355996e+00,6.430152269627422257e+00
4.569806049975548845e+00,-1.109579268043280464e+01
4.483318035000944946e+00,3.584945593963865917e+00
1.487510994503028483e+00,-4.704081324699762590e+00
1.596773731111763350e+00,3.955814801867364672e+00
6.109188173186491433e+00,-9.658896075095558587e+00
-3.431215240905734376e+00,-8.202059922238468914e+00
-3.582995273503379430e+00,1.779685781591550331e+00
2.032231755412107432e+00,5.060813479103159374e+00
2.678976659722765330e+00,4.279579030172605769e+00
1.834847090251307211e+00,-2.444617933902547335e+00
3.103504977124432518e+00,4.572393310772370434e+00
3.309415889901759833e+00,-6.831364329032680871e+00
3.025577655778535657e+00,3.762977390728801552e+00
1.635557662728594153e+00,5.819956220419570947e+00
-4.475770669075266994e+00,-6.732447932185191775e+00
3.547941126071346929e+00,4.399107332946988080e+00
3.378924742661344460e+00,5.699064483324708164e+00
5.139327986092766309e+00,-9.749922135306224646e+00
3.449357103106556188e+00,3.911454046780464822e+00
5.204251980080323747e+00,-9.662723279004598709e+00
-2.815505356070921450e-01,-2.214748879280048932e+00
-3.913512068647913900e+00,6.173799388302825264e-02
1.533913141293735238e+00,5.345473590644254536e+00
8.963499013479452326e-01,3.131412004959454265e+00
4.123986112672572091e+00,-8.460893384015967911e+00
-9.145107767499949247e+00,-2.960587779800208263e+00
1.789023934802464355e+00,5.987964392456021301e+00
5.628803034628718116e+00,-9.798566535341651118e+00
8.250614831930790372e-01,-1.047519738029814462e+00
4.946500267677109264e+00,-1.097507430362664138e+01
2.497342465376471310e+00,-8.726526827434684108e+00
9.397184357513696185e+00,-6.690629811475525379e+00
2.371333797137721522e+00,4.418176443767110051e+00
4.623467226591477797e+00,-6.900602444301920713e+00
3.587837909760568156e+00,-1.140595053219019661e+01
2.595353002594684266e+00,3.130751284533260126e+00
3.489153518752311722e+00,6.801883457215724960e+00
7.264062611540296199e-01,-2.479160899430685294e+00
-1.284903918237322751e+00,-6.480504117471836523e+00
-1.753899710161994197e+00,-1.004642412272232654e+01
4.794762156866052116e+00,-1.216283263515021318e+01
9.817606351048269175e+00,-1.099024858319879172e+01
2.107421195605230224e-01,2.564846078979531985e+00
5.043368758336418622e+00,-7.995565757361777770e+00
1.666651729507655277e+00,2.594248843757071654e+00
-8.347789168775597846e-01,-1.104926959563948330e+01
-1.447339069074602191e+00,-6.517216722187513689e+00
-8.749659636697135312e+00,2.836674530841233555e+00
2.594906443836145105e+00,-9.395544390301308724e+00
2.927529388045429393e+00,3.738352476173762540e+00
7.802248854131450528e+00,-1.311729101385634522e+01
7.596867012647111395e+00,-8.871082878800683247e+00
6.562747020957141686e+00,-1.192389635483360344e+01
4.821229168901719042e+00,-1.125585833269920322e+01
3.140876692476620491e+00,7.300126396215372182e+00
4.966519577785473594e+00,-1.184406340167955207e+01
5.555051664842943993e+00,-9.917771755839440928e+00
6.811211224962827160e+00,-4.500725803485208232e+00
2.404014087058941040e+00,3.404697333313615459e-01
-4.725084230278749686e+00,-1.538204441601012817e+01
1.656712520633964125e+00,-1.101998544481506137e+01
2.226177057864552111e+00,5.160262097045609231e+00
-3.386398313373633506e+00,-2.251804580818592250e+00
1.971869106971870789e+00,4.265461265175286343e+00
5.711751452502213944e+00,-1.115303213408225247e+01
-4.697686933900181216e+00,-6.052456593169654120e+00
4.000813991680799653e+00,-1.010667996992031981e+01
-3.106192235211198138e+00,2.485771995776113741e-01
2.102799539818899444e+00,5.465043577123616103e+00
-7.632257347628089050e+00,-1.193636883362680479e+01
4.146487656877924088e+00,-8.957299969693957920e+00
6.484793400954560916e+00,-1.137724868575117121e+01
8.774563956517342334e+00,-7.257513612475232634e+00
3.042180709822264628e+00,5.880851572030053376e+00
3.024455641429931063e+00,-7.892590822269882622e+00
5.148892727193063124e+00,-8.442483800929817761e+00
5.485214453544368318e+00,-9.261335440512461048e+00
3.811406381402224319e+00,6.552923143469923772e+00
-3.469225905807964416e+00,-8.246623437169091630e+00
2.945915601043797238e+00,-1.169119295973907313e+01
4.701414499023638172e+00,-9.828772395135747075e+00
3.664682713729400465e+00,2.287437729909840733e+00
7.454382126834298461e+00,-1.152535665876445492e+01
3.180204794886153152e+00,-1.036241690652159164e+01
3.326633296643805693e+00,4.276752020253035802e+00
6.429971032290580979e+00,-1.120987338136074740e+01
1.849011982226065776e+00,4.673958166316942275e+00
3.017642510725265570e+00,-5.302263744870982620e+00
2.351021974453277430e+00,5.019480274845858681e+00
5.276515129070944887e+00,-1.062851390918395111e+01
3.668789846361222740e+00,-1.234539236237430515e+01
2.851830647107771455e+00,-4.259309240295463539e+00
2.668992578798330406e+00,3.495667708992651335e+00
2.878076051751820241e+00,-8.600625514782544556e+00
6.219864851518184246e+00,-1.073719473456105966e+01
1.543944881871532226e+00,-6.267806799772076332e+00
4.184704201392491996e+00,-8.127974083562337526e+00
1.320638247419393618e+00,4.046259360106071234e+00
1.567034395868059926e+00,4.404887771468212421e+00
4.528854586831450924e+00,-8.609569136457800198e+00
4.463623762077410184e+00,-1.120678463406545511e+01
4.962048353446737892e+00,-1.058841881200170398e+01
2.042477007781302145e+00,-8.352059168002224254e+00
7.501721244578464010e+00,-9.493629212328466238e+00
2.790757623814420274e+00,5.914795966773994884e+00
2.021124091735556405e+00,4.946855609747180971e+00
7.620654523860996399e+00,-1.066211574966408371e+01
9.231020948598926523e+00,-9.025750228451947521e+00
-2.876769242802733606e-01,-1.151685286583164469e+01
3.396181678081185762e+00,3.865796939257167608e+00
3.128734804504708311e+00,4.442904578179112995e+00
9.876512142981308529e+00,-9.350598172423003618e+00
1.510460732648948534e+00,-1.396103892886132769e+01
2.124116138317103442e+00,5.917972231362909952e+00
2.834875996789689712e+00,3.746515540992056970e+00
5.958553193336021181e+00,-4.815026351389776416e+00
-4.838570762036452422e+00,-5.523204042468998765e+00
8.592336745174820933e+00,-8.079447605837623669e+00
8.854852626763496382e-01,3.932981243024317841e+00
7.958763357755282541e+00,-8.666976402756143116e+00
6.348189770132651510e+00,-8.260212989362702984e+00
3.044004636914270812e+00,5.977686288226048639e+00
-1.445929666622344456e+00,-1.001143308988605796e+01
3.171503765165066380e+00,4.743876022856261088e+00
2.462295794535619642e+00,5.613748506191914345e+00
7.913102872063380033e-01,-8.148957852240410915e+00
2.306252491769360535e+00,3.980871959822311013e+00
-8.442315220379013496e+00,-1.042069089804478565e+01
1.004904041896117484e+00,-9.071381342772941281e+00
4.002377877941050599e+00,-1.214312548803103553e+01
-4.708614497406533594e+00,8.669636572505812211e-01
7.195148072320005639e+00,-1.235860608203425315e+01
1.914239729404154433e+00,5.221408358786742809e+00
7.760749602143153680e+00,-1.072891463938750256e+01
6.434955819561839263e+00,-7.976426297428491630e+00
-1.984767221132193393e+00,-5.830760730915113044e+00
-9.452160199995217615e-01,-8.250250867167400415e+00
3.108977544502384838e+00,-8.705495664404867995e+00
2.514302208131370620e+00,-5.686590961357684826e+00
-4.380071089840799736e+00,-2.994626309074564396e+00
5.447975723332180387e+00,-1.139745465425965953e+01
4.043063924691318256e+00,5.430778815790613834e+00
2.660479491697563148e+00,-1.105421355475981571e+01
2.427251231312626878e+00,-3.907396425933876039e+00
3.165462291056237554e+00,-1.346756037485682533e+01
-8.018952001565844867e+00,-1.891369289946468246e+00
3.023489391293287198e+00,4.329421370847022388e+00
-1.910043222025829213e+00,-4.878733845472801534e+00
1.517461897011134431e+00,-1.655189080137101243e+01
3.431333134652791994e+00,3.578466565302896640e+00
4.494445086105057108e+00,-9.449426486410262171e+00
9.152316199976830546e+00,-1.355223400810990775e+01
5.579955155549285450e-01,-9.515200097243321053e+00
2.358147408773714648e+00,4.710939878881473142e+00
6.807540642678101328e+00,-1.061101840725768852e+01
1.977511219429020528e+00,5.787583332405500158e+00
2.703372453457076219e+00,3.197244491016485668e+00
2.246970385051379360e+00,-5.367414932500831348e+00
5.947471575771205110e+00,-9.188601184058981630e+00
8.395486869008083275e+00,-1.174457078438252111e+01
5.564015806819385901e+00,-6.760832403964681880e+00
2.397657683352178548e+00,5.214894893211170945e+00
7.197962580544714051e+00,-9.056171629550545887e+00
4.052302828388701705e+00,4.504483037244606081e+00
2.517315008371620699e+00,4.028574514528169281e+00
3.026157592103126071e+00,5.144407814100711462e+00
3.403761088270604862e+00,-7.788872397071318510e+00
2.924481549515306700e+00,6.233676941958647078e+00
6.666921868361857406e+00,-1.172209642974773658e+01
2.136410431920803710e+00,5.137337863341861599e+00
2.654065388680057591e+00,5.040555867378025745e+00
5.007540944771405655e+00,-1.017432972815625192e+01
5.172939882293112746e+00,-4.562677103924906774e+00
2.775681121839123300e+00,-9.547864741240578823e+00
4.167502308656165333e+00,4.901457987857785525e+00
3.967693704556753520e+00,6.485450609318154314e+00
4.168009836729705597e+00,6.350162770740221063e+00
1.746230828740598984e+00,5.269571478820004096e+00
2.323816574096753573e+00,5.082219372194624718e+00
3.113485559850673656e+00,-1.035588281657480358e+01
5.093611479897997008e+00,-9.045816165974217782e+00
1.864225658576606381e+00,-5.527310284216024883e+00
1.205754930335707131e+00,5.391315218027319389e-01
1.936562408347982212e+00,5.347045163395117484e+00
9.061978082763598508e+00,-1.069705569609457640e+01
1.700134113235254096e+00,6.406568300762014445e+00
2.190217281253048043e+00,3.994652170510920808e+00
3.059675789415588820e+00,6.028540792993302588e+00
-2.430860349348750837e+00,-6.061368115529943701e+00
4.274073353162597400e-01,5.094820088486510912e+00
-3.243262647044044655e+00,-7.834600411073951776e+00
8.294215725623669044e+00,-1.145678001029328819e+01
1.789137792702095442e-01,-1.200924158397847563e+01
2.249651233424319052e+00,-1.052242243938200161e+01
2.500227333591866330e+00,2.714791056889715559e+00
1.630724782437146470e+00,-6.030094583366720329e+00
3.120712085020728388e+00,4.987694277892878780e+00
-4.098891705573987743e+00,-1.092161123255366739e+00
9.964849461147557985e-01,2.445118598196822646e-01
1.124822824148093225e+01,-1.004650138162181605e+01
4.760210541059249678e+00,-1.116774255474685695e+01
4.762757368174632688e+00,-6.703566209054859115e+00
3.405038965406519402e+00,6.582906814007497331e+00
8.537082213876630021e+00,-6.520013138934140251e+00
-1.328412250409334749e+00,-1.283739344389511317e+00
2.828310392806750340e+00,6.100910715797543737e+00
2.141404555223652917e+00,-5.305304339992048313e+00
-1.707831331153665921e+00,-4.214405046120548448e-01
7.311413683215199910e+00,-1.554415455493423792e+01
3.509698629196980946e+00,4.806889843740322910e+00
8.772471950228899473e+00,-4.903017682764586382e+00
8.384277708435819432e-03,-5.804693870798179667e+00
1.526883985109846797e+00,-1.009958895272445822e+01
5.617939338810355565e+00,-8.686917551424324202e+00
-1.116116834550558323e+00,-5.238321039366216070e-01
4.854408850015611065e+00,-1.131047761160598952e+01
2.566393252061614838e+00,-4.602551577713773767e-01
-3.438376250601190010e-01,-2.987612241766570698e+00
-5.721574299752965054e+00,-4.888169103655557457e+00
4.053981635576690223e+00,-8.489073159130638757e+00
-6.791004083543967784e-01,-6.491376585747246075e+00
3.927222439554235223e+00,4.085801071775254201e+00
8.036965202221280080e-01,4.285847806155551609e+00
1.142895386029568083e+00,-6.066743001390896950e+00
5.547868512425717213e+00,-9.631043389558465506e+00
5.784924660768492544e+00,-4.769987729716888225e+00
2.158992519984354708e+00,-5.445568758605505266e+00
2.331802083499860956e+00,-6.895347991555508926e+00
1.846892990308610649e+00,4.611577722986296202e+00
3.154438370066241504e+00,-8.277157969339857146e+00
6.434266667755625058e+00,-9.208298583648632629e+00
4.891778487987782142e+00,-1.068357904102292721e+01
-4.901213371645012806e+00,-6.871511393459764250e+00
2.912317629836018273e+00,3.768940347791106760e+00
6.494862789869166875e+00,-9.576756935694493933e+00
-3.638384121938219029e-01,-1.024451753945924182e+01
1.660280652467181595e+00,6.137180351093659780e+00
2.610340402658077874e+00,-4.312168042315938976e+00
2.882515725103167892e+00,4.840599203097152525e+00
2.390820414992666176e+00,-1.342895082002424800e+01
4.178027760629083431e+00,4.502027393153780643e+00
3.711367835255544367e+00,-1.031351718531132811e+01
-4.624458010280940279e+00,-6.660948204635690040e+00
3.405283382418007765e+00,3.932155284834965681e+00
2.508724112717338972e+00,-8.629663124284052245e+00
3.885589550713770102e+00,-7.336477181602059972e+00
1.340239440006808502e+00,4.768507725746372827e+00
6.371691722483460829e+00,-9.433643172984274017e+00
4.900480590916160395e+00,-1.159173690018344693e+01
3.700264634993752466e+00,6.771025894442814774e+00
2.536525398892537364e+00,2.845650030896849536e+00
3.397794489431126941e+00,4.413091596007324036e+00
8.071430136620649787e-01,6.146963046244982465e+00
-9.001353985894350984e+00,-4.345957751747800302e+00
2.038410631456899491e+00,5.367942134087904549e+00
3.639132960189680688e+00,-9.666986022617816587e+00
3.766491327401246814e+00,4.665588162112996429e+00
2.364070292582512778e+00,5.693655907952157591e+00
-4.011397958503485128e+00,-7.427355996184859421e+00
2.585191952363078638e+00,6.893684957972920024e+00
2.836301540314319247e+00,-4.625210656894107153e+00
6.091112764397952795e+00,-7.315014666648158581e+00
6.065125707517367459e+00,-8.663155209468532902e+00
-6.835232577394464215e+00,-6.749179246382321473e+00
4.709361566177926228e+00,-1.051753731044747298e+01
4.800755350660740106e+00,-1.028272484924695718e+01
2.070254892795276191e+00,5.028344150185200867e+00
2.129009060954777155e+00,5.128934613139048970e+00
3.856753712807024392e+00,5.659484911344630831e+00
5.030792630560598333e+00,-9.775912676506687049e+00
2.918393681765656389e+00,5.228065454862072414e+00
2.282332619430131437e+00,6.398189928300845430e+00
5.750270706654005970e+00,-2.207992040661821420e-01
2.934062717237289064e+00,3.606708445114305217e+00
2.648628019207090567e+00,-1.207597016915295107e+01
2.591611265610421988e+00,5.819222555770421579e+00
4.943935231864072577e+00,-1.341873420072037781e+01
3.711464245863396627e+00,2.728407152037590322e+00
2.209077315336821279e+00,4.862189901236183331e+00
3.255859517860262731e+00,5.589970723149950693e+00
5.038207800914808132e+00,-1.307843269780344642e+01
7.399608499130915007e+00,-9.528506278213729530e+00
2.396261506634862037e+00,-1.066239807636662285e+01
8.043387174368595183e+00,-4.259806065149760457e+00
4.788253507406940557e+00,-1.250778829743610387e+01
-4.515961021042421919e+00,-5.375006101897536581e+00
3.443383668929672403e+00,4.048170149633988579e+00
5.971848499067089477e+00,-9.332450061630064297e+00
3.859951341335712716e+00,-1.123575589828281096e+01
7.067599456692250648e-01,3.107302537208499693e+00
6.969352365125403459e+00,-1.292222634468182818e+01
-1.002447037597934631e+01,-5.499985216628589413e+00
6.177023967447161645e+00,-9.752791501174382205e+00
5.294717169912517285e+00,-1.384838522977517883e+01
2.413037474356323653e+00,3.230455390795055060e+00
3.479738060629722352e+00,6.693772758143480495e+00
1.330230606678264316e+00,3.508313294473002220e+00
-8.034643829770011791e+00,-3.661805150659048991e+00
5.353647789730489492e+00,-1.127899351890167701e+01
1.832504298743341753e+00,6.803687858321644910e+00
-5.576367576766840806e+00,-7.790301340080469927e+00
-7.364886462989197469e+00,-5.858121237097590139e+00
-4.369730913300105435e+00,-5.779616896004693416e+00
5.811558543715357850e+00,-8.714060235789476749e+00
-4.219985742014408459e+00,-2.118355363219698528e+00
8.478116945655912673e+00,-1.038150551999805771e+01
-7.137746845304842047e+00,-8.399043590159713801e+00
1.215660617128704102e+00,-8.426590315519435492e+00
1.790600161713321592e+00,4.895797070409338758e+00
5.493645934500779759e+00,-1.031811299330120235e+01
6.289371102565609384e+00,-8.546933226942702078e+00
3.693852811576376460e+00,5.327885079824892678e+00
-2.667873434664397303e-01,-8.081917956462794095e+00
4.111632333457606592e+00,3.972472934695775670e+00
3.943434395575700080e+00,-7.997478516368778045e+00
2.265660231094619448e+00,3.243748877965323185e+00
-4.448927149953592952e+00,-3.703753042769244885e+00
3.004555933190291128e+00,5.442168289698120276e+00
3.291714271427554905e+00,4.571391900737158842e+00
-5.582611178218295223e+00,-7.149295067848654206e+00
3.019105882146407627e+00,-9.165282729068483292e+00
7.516751875490497170e+00,-9.744831487083596144e+00
1.945500270894329864e+00,6.248801862640348759e+00
-1.305678423916089459e+00,-3.373691347506218019e+00
5.374056376380196287e-01,-1.672612990917806997e+01
5.110179406064136565e+00,-1.049759137113420948e+01
4.179583435982364037e+00,-5.688586485212939969e+00
-4.679640798484597575e+00,-6.288367635015851498e+00
-1.085877948711470253e+01,-8.481133450028957910e+00
5.442723187932857476e-01,1.390198773528757314e+00
6.743292611863902941e+00,-1.034672385033067243e+01
7.239397192824943872e+00,-7.586452027016228783e+00
5.280478991646829989e+00,-1.146974726700584668e+01
1.599166870303842414e+00,4.235569291389260194e+00
4.057729148396543195e+00,-2.974918925084377275e+00
1.006466750058988069e+01,-8.967625666436383369e+00
5.161265680031908332e+00,-1.016545263003689747e+01
7.394470767167111713e-01,-1.682193860005749997e+01
6.392445124971860793e+00,-7.631148951438365913e+00
-4.239353080533263984e+00,-4.907708682164149572e+00
3.133982894438156031e+00,-5.124234605092786943e+00
5.741862819753138503e+00,-6.717687960339304709e+00
2.125913853709087142e+00,-1.497773218084295976e+01
5.126600574145698808e+00,-9.655617137426864005e+00
4.346654722669517135e+00,-8.168640972958762347e+00
2.143368022778602722e+00,5.042382725328589110e+00
1.691199831477482096e+00,3.372629713770084692e+00
6.497215629791440072e+00,-8.483271610594862011e+00
2.727742100461225672e+00,4.441270654971916976e+00
1.799608181077955837e+00,4.179000696906210344e+00
5.867406663228409869e+00,-1.233118938212214921e+01
2.100235774752876594e+00,5.250852763518196298e+00
4.922348150901424191e+00,2.906601071430219285e+00
7.155449809588818155e+00,-1.378054475935946144e+01
6.458092961810170785e+00,-9.584285192307451240e-02
1.390884183710858313e+00,-2.550979690659280763e+00
-2.037097502036466778e-01,-1.122771761732505880e+01
6.231351052311813632e+00,-1.033048384568570555e+01
3.751973188304092766e+00,4.711901979867650248e+00
6.995834156713939933e+00,-1.137757634692207986e+01
-3.366955332351390329e+00,-3.300463022922403233e+00
3.088876297553178052e+00,-1.382575562195771823e+00
4.411352878443981496e+00,-1.030304865938192194e+01
5.805252549913705096e+00,-9.495411641978071415e+00
1.899428416125169994e+00,-9.633289705734265240e+00
5.167866106658008718e+00,4.513630129323026985e+00
5.812284833673172280e+00,-9.576911188836094269e+00
4.550614395225410114e+00,-5.703441801123794619e+00
3.872499033630925069e+00,5.454766904474357858e+00
-5.185594818948055185e+00,-9.152584823798790126e+00
9.642488882318293264e+00,-7.761544278851470580e+00
-4.383846519733066716e-01,-5.766806686442498275e+00
-2.498402246983946640e+00,1.369615390532794130e+00
5.860943155570998542e+00,-1.357374855229408439e+01
3.908898183557155903e+00,6.166771823548192089e+00
-9.132727899929127702e+00,-4.450115322787494776e+00
3.319686544613611900e+00,6.285828709141219939e+00
8.013240877988003774e-01,-2.546838496768662807e+00
4.448168363561599392e+00,5.365324923348680386e+00
1.346256516370913259e+00,5.106456041205105656e+00
2.372561413840449163e+00,3.851868787697767083e+00
4.280186142215740119e+00,-1.222585610459488237e+01
1.728674552021622068e-01,-6.942258714847171497e+00
3.519639621931320406e+00,5.125533145374093991e+00
5.264168497701026794e+00,-1.064355317481094687e+01
7.386561121338885094e+00,-1.437610503959556674e+01
3.023563609809339692e+00,5.889925718880916428e+00
1.481961350597761129e+00,-6.579647524013891413e+00
-6.157320524449436228e+00,-8.551461375753991234e+00
-6.874811746385641520e+00,-6.268806524925631507e+00
-7.398994823433375778e-01,-2.323224111393664248e+00
3.914616888065471478e+00,3.155533524729484007e+00
1.197322752614438102e+00,-4.804480166704860444e+00
2.905761044931862713e+00,5.275253045927463802e+00
3.335555518052524260e+00,-3.750503476815378434e+00
3.488434363810738681e+00,-7.856619916209323762e+00
1.830990607308725426e+00,5.868305206926875961e+00
6.557185363182510329e+00,-8.286068941842785307e+00
3.744166285961343377e+00,5.880323683368699150e+00
9.202905516588899548e-02,-3.900180828561412127e+00
1.773342864426735721e+00,3.946778153775386322e+00
1.986690676049211124e+00,5.555036146977318623e+00
3.023407704749070390e+00,7.424082454607349391e+00
3.034771378317667967e+00,5.579358605107011648e+00
2.353622447790991501e+00,-8.316662883252011085e+00
6.654368942329329961e+00,-9.819387956566336229e+00
2.416359369958326120e+00,-8.630669715764287986e+00
6.365796832764405444e+00,-1.026360524787713757e+01
-2.890118368994028408e+00,-5.067646426742684618e+00
2.641370944721220249e-01,-4.491323219168357639e+00
1.828622222951931331e+00,4.394471983873247112e+00
2.357263423358907151e+00,5.446509775931627217e+00
5.209692899608159955e+00,-6.598494354196502876e+00
2.042503920866605593e+00,-4.516943084691040333e+00
3.914077058803547171e+00,4.878664332434494710e+00
3.092189880010186354e+00,-1.015115109349337885e+01
-3.513495316124770174e+00,-5.711015371472255353e+00
7.739790725551447537e+00,-8.366396480247242806e+00
2.165425401792493876e+00,-9.665258605027112537e+00
7.482093645468578025e+00,-1.119074026968801050e+01
3.207995875861299417e+00,-1.206187979716161252e+01
2.628656956760129670e+00,-4.902872254842820077e+00
5.469532430658687439e+00,-7.239786472476330559e+00
8.768545849385958491e+00,-1.028744097140446989e+01
8.376647226504149724e-02,-4.640079900986109784e+00
1.620932906220779568e+00,-1.017173891642661232e+01
-1.751416537051778133e-01,-3.202904294831750764e+00
4.421859981102669757e+00,-9.449573795513739327e+00
3.267018097417222044e+00,-9.831100669832249395e+00
1.692980584499852448e-01,4.544483806280817717e+00
2.613671261685315272e+00,5.454392691496519951e+00
6.939656580791276674e+00,-1.104375945775447221e+01
5.754221370691783299e+00,-7.925936044017486637e+00
3.226361128847889503e+00,5.803940257907967748e+00
4.919079421675283115e+00,-7.075201332422443201e+00
4.644448494722112741e+00,-7.074613549392827494e+00
6.381608165809795175e+00,-1.116391929263838101e+01
9.009136897505447272e-02,-9.407650114394337848e+00
4.327117624429162035e+00,-9.210048129429072361e+00
5.134101941082908738e+00,-5.940781502043863682e+00
2.009010910254436233e+00,6.178136785052894986e+00
2.227662287706861477e+00,2.546153535605816920e+00
5.814014086413918925e+00,-8.498490841521654460e+00
1.718639172260456149e+00,5.770916900204523081e+00
6.265640913278883950e+00,-1.021562557197657561e+01
4.993363001607015406e+00,-1.194337001744424320e+01
3.215740687399308406e+00,-2.975343308800857844e+00
7.367614107257740574e-01,4.547691490888061239e+00
1.150118945641964707e+00,4.197674050782879362e+00
2.038204467284792543e+00,4.742622546875044698e+00
4.883916889403357331e+00,-8.358552643092691525e+00
6.553823041964052187e+00,-5.595261102863593905e+00
1.911611153992626821e+00,5.035191878118205899e+00
4.229902172005030714e+00,-1.026769949677000859e+01
-5.425657284104389966e+00,-1.182181702397381784e+01
-2.771715229538227021e+00,-4.399347761284607472e+00
6.303143343674302734e+00,-1.114964740143464716e+01
5.740442832236464454e+00,-6.867382734845380199e+00
1.796315563643901214e+00,-7.604601028568662713e+00
3.952654045617339573e+00,4.560015699514564425e+00
-2.479899959219055372e+00,-7.441709948020237775e+00
3.162017389939438594e+00,-1.140685312442603028e+01
9.064615160978439778e-01,-5.872936720449907000e+00
-3.492922500612547054e+00,-6.054994330616901621e+00
5.900544941246920416e+00,-3.810298870153610018e+00
7.320665021685294427e+00,-1.162958239736675914e+01
4.577990023753882198e+00,-9.686660313007113388e+00
-5.318529655374921283e+00,-5.008353168068549799e+00
2.705194925262412120e+00,3.705763141116372950e+00
-5.786163057888243699e+00,-3.454887305076501214e+00
9.576510204557358463e+00,-1.076533407418641630e+01
7.860775983622692920e+00,-9.219666255673869770e+00
6.119116018562629655e+00,-7.700232017898349213e+00
1.918866709842402596e+00,-7.168496180184131816e-01
3.157022219704276100e+00,-1.120055366427089361e+01
3.755395857394416836e+00,-9.164059556053196332e+00
-6.182565851906301369e+00,-7.734834700358540260e+00
-7.114289497672059426e-01,-5.193376846767798760e+00
5.820957313025972191e+00,-1.009552192090053957e+01
-6.560837262950367510e+00,-1.086023579360347391e+01
3.186015896050548690e+00,5.619186927858677905e+00
3.374553396616951417e+00,6.922435544147348629e+00
2.999265917963565453e+00,5.124913443177756101e+00
7.628685271623568909e+00,-8.840715922000820015e+00
6.517411896166374952e+00,-9.078808789209855235e+00
2.269738098553403027e+00,-9.998674157373745430e+00
3.717478636842769912e+00,-7.339064578102087566e+00
-6.217432790160644096e+00,-3.675334101861604807e-01
9.396582048186381542e+00,-6.095332716133367690e+00
3.233285915119465059e+00,5.499957681716790781e+00
4.994833080673875436e+00,-7.606816097813092092e+00
7.929792312532500942e-01,-3.713199772861943693e+00
4.548360392894890580e+00,-9.302752676683105904e+00
3.854733748211445654e+00,5.306686597476353739e+00
2.173519232516645694e+00,-1.250253985501835530e+01
3.881560925192482081e+00,5.240546837522472856e+00
3.917971646324795554e+00,-3.372835305943150175e+00
8.258831000862436600e-01,5.193971597794236672e+00
-6.331619594819517527e-01,-2.587160510557966475e-01
2.884640515623687396e+00,-5.173620039951773997e+00
2.499828607520552470e+00,6.156158406476375688e+00
3.069737001127858189e+00,-8.102586201795631382e+00
2.075061089351713850e+00,3.543106987439825772e+00
5.891767886585851599e+00,-1.052405724086336924e+00
2.015839610940411752e+00,5.576078774498602009e+00
6.523268997926568780e+00,-8.378562912350785652e+00
3.018340451808621872e+00,5.385013850836759985e+00
3.254931658158678687e+00,4.682383649491662858e+00
-9.895828910996705474e+00,-5.826251690174997222e+00
5.201867922946599165e+00,-1.030932190709645013e+01
3.019775137553420752e+00,-7.349269821630135979e+00
5.029771858451951516e+00,-9.335668689890423977e+00
5.972511505525541331e+00,-1.282210250844356025e+01
1.640899768494376465e+00,6.198390040405332257e+00
-1.123737500440844528e+00,-7.175140425735622607e+00
5.310093574365065017e+00,-4.591198175544072058e+00
-1.912861767609108643e+00,-5.081575173806754719e+00
6.210680468055477910e+00,-1.337414878810351482e+01
-6.882903544496919324e+00,-2.008234858642390375e+00
-4.630568852476039332e+00,-3.003531597159770694e+00
4.614953810036735327e+00,-8.021410632060739232e+00
2.277080544120282823e+00,6.059262501803349465e+00
1.098712887575479247e+00,-8.279719027332571812e+00
3.580594335637027115e+00,-8.645458144645884246e+00
-6.702438453781014438e-01,-4.609936278019723055e+00
4.581339312124043772e+00,4.895551835604811330e+00
2.541815100105680791e+00,-1.280266173848820443e+01
4.483612699407543367e+00,-8.886008195477238303e+00
4.497633654297772843e+00,3.296132268187895065e+00
2.037097925077115068e+00,6.549986411252753271e+00
5.032757435979755556e+00,-9.601296587976005270e+00
3.717173255280810995e+00,3.033980246846795570e+00
2.965705775160511148e+00,4.794057708975037357e+00
-2.907833971242624216e+00,-1.481982091101493637e+01
-2.423239969680316686e-01,-4.937836966076403655e+00
5.941634335511697174e+00,-6.959115518855107041e+00
-2.058648569775890280e+00,-1.417660016506468068e+01
-1.663992588945229500e-01,-3.306430516265155717e+00
-3.008625032355286333e+00,-8.396234628395227162e-03
3.495242475531395443e-01,-2.946598490339204623e+00
1.859456996882965729e+00,-1.497322639805331868e+00
1.219855595780755086e+00,4.004598578686109356e+00
4.126057254933714447e+00,3.998877065536869058e+00
-2.785686234857258636e+00,-2.360773993983054542e+00
1.684851031529578158e+00,4.682098839902439913e+00
2.425631026196154671e+00,7.192142096591977563e+00
4.992143076555171533e+00,-1.133580576641982596e+01
5.691829456854821778e+00,-1.053724504266664397e+01
4.121890148250629160e+00,-6.739254322310225476e+00
1.723986259471413707e+00,4.874749953597822483e+00
3.446588760437055310e+00,4.236530706124665535e+00
1.767919206672284638e+00,3.883342188485879198e+00
1.092726973477064600e+00,4.046413426849888140e+00
-6.487045416579960033e+00,-7.477102997870747281e+00
4.582281248230843929e+00,4.630185577940766350e-01
5.964513380619451688e-01,-1.225601407378712437e+01
2.808584402568572003e+00,4.760733925725086024e+00
-4.821995984074345820e+00,-9.843235887845391829e-01
3.338136853470576426e+00,4.482854598778831523e+00
3.068247958446967960e+00,-8.003665650798998499e+00
3.152445926105374774e+00,2.510972536487627416e+00
-3.811000829584137328e+00,-4.182774691059808703e+00
3.548304956320527559e+00,4.544458409290226264e+00
4.976219164645717896e+00,-9.444652265265020219e+00
3.815540742607164137e+00,-4.523027586945615575e+00
3.584974335489835351e+00,5.311409608415970318e+00
3.544993315349244778e+00,-9.692150016258166190e+00
4.806977381868680066e-01,-3.407205681210830672e+00
-2.032590981136236596e+00,-4.977934935307856357e+00
-4.797453092659834439e+00,1.784401314480352774e+00
5.724334267288695877e+00,-8.954738676368636519e+00
3.285210893687257272e+00,6.686352718899110315e+00
1.763944867685685036e+00,4.359140261996304666e+00
8.362062074096723308e-01,-1.197681963573900532e+01
5.137679339280992075e+00,-1.038523771678342733e+01
4.085121833099890409e+00,5.439697381376375596e+00
3.178904459381486802e+00,-1.329967734439180660e+01
5.730267707046667880e+00,-1.019336135316866887e+01
-4.990720924484998378e+00,-2.041869272557240933e+00
2.310083279172450599e+00,5.619306064870474238e+00
9.437412978058718593e+00,-7.558148979885021213e+00
1.374362910851126607e+00,4.652665933236838747e+00
3.090139899290804681e+00,5.088945235465403449e+00
4.708289438248069558e+00,-5.215791599938129686e+00
3.276329182624815317e+00,5.743036970921113316e+00
-1.544372406350364990e+00,-2.898721565525204547e+00
4.919296829280598971e+00,-9.200716426623582578e+00
4.743389586137229941e+00,-9.445413584033367727e+00
5.331792541183624223e-01,-4.219735468187457705e+00
3.663872567843638794e+00,-3.457149972823159167e+00
8.115511712066801664e+00,-8.597930378315393085e+00
9.514486155425048608e+00,-5.608560608543333714e+00
4.186521065792311092e+00,-7.148840794337794513e+00
1.140104370164586545e+00,-5.609040180355644445e+00
2.794907158850167495e+00,7.293634725667312857e+00
2.164137820577872184e-01,-6.837556052386607242e+00
3.252597754297901655e+00,3.915742123302636379e+00
5.915641905864899464e+00,-9.939558658103104349e+00
8.472949101122463134e+00,-8.910744066512302552e+00
-1.882743091419742276e+00,-7.442813961463249584e+00
3.397906678764619492e-01,4.909128066598178464e+00
-2.448825387553497102e+00,-3.351901090937885908e+00
2.805882564251710232e+00,5.396268389382451680e+00
4.017172856399729319e+00,-1.029248647421568208e+01
5.539042324243125037e+00,-8.493392082237136265e+00
4.449196354237509254e+00,-9.770924095992146619e+00
5.638285612382995637e+00,-1.206099606764205134e+01
-3.711300179804078336e+00,-4.048078272376351094e+00
6.648872431070057765e+00,-9.992167170532965770e+00
2.272936715657658535e+00,6.108603137904539793e+00
4.326163360708701333e+00,-7.009926399405094877e+00
2.267627324146086920e+00,5.692866027043087307e+00
9.429510090530242028e-01,-6.146331337431492514e+00
3.769591466344681230e+00,-1.083556410992600760e+01
4.655459231922820074e+00,-6.464543450877503261e+00
1.245295003518688715e+00,4.095789924451338493e+00
4.077664464014087997e+00,4.630186411373697908e+00
4.378065218735093467e+00,-1.042210905903373686e+01
4.440499542285980539e+00,-2.283460437784393449e+00
2.445917453599236957e+00,4.390297069556659437e+00
4.554781037596849380e+00,-8.512423909316819248e+00
4.441397938525694755e+00,-1.108820189465684791e+01
-3.374144720416167420e+00,-8.127771230081163978e+00
-4.897926555432960960e-01,-5.301452698677955766e+00
2.355749361385616192e-01,-4.105072003880090747e+00
2.725688171128436199e+00,6.504741223709824105e+00
6.552256450845932001e+00,-8.330059075565188209e+00
2.626519833864122688e+00,3.366577280948447104e+00
6.143802983591045930e+00,-9.666172422630872063e-01
3.488080483274200727e+00,6.293160150699918631e+00
2.759837967074308729e+00,3.196280821701012798e+00
2.490355760547329655e+00,5.187525509891869113e+00
3.974920010409663362e+00,5.570438484795426248e+00
2.677181423044738828e+00,6.945121845076474898e+00
3.336147790306044136e+00,-1.118097864815645792e+01
4.401353284034807523e+00,4.742335052296617448e+00
2.799838070513051225e+00,4.553122513988490105e+00
3.372711248121815775e+00,4.361006585810446978e+00
3.174601234565463059e+00,4.048715552717542465e+00
3.643510061267634992e+00,-1.073874769578686816e+01
-3.411530462833452848e+00,-4.844773934263015391e+00
-5.667482355871096722e+00,-1.362662129988893689e+00
3.961010749232211303e+00,3.972077234422818570e+00
4.321942312179161583e+00,-7.909687171940369410e+00
-7.091313180454021925e+00,-2.928166816412981710e+00
5.874867744406833125e+00,-7.917931636462800959e+00
6.133368092942618865e+00,-9.999519984254845895e+00
3.644039021077559060e+00,-1.115033650679463406e+01
8.739846114291502488e+00,-8.249181795145085871e+00
1.524334783180720798e+00,4.996093110126976100e+00
3.255255588388767496e+00,-7.681469084581999951e+00
4.875045370143884504e+00,-2.551751895339011700e+00
2.647823115486289680e+00,-6.854715760841581407e+00
5.216659297401965212e+00,-1.156580879088188851e+01
2.665135482950645951e+00,5.341343892079089883e+00
4.483555751430714942e+00,-9.739010268794155323e+00
-3.202749480010287808e+00,4.889321273743722607e+00
8.402849649490949702e+00,-9.304467279201821484e+00
4.771013468199766017e+00,-1.070272479977494839e+01
8.867186605941252964e+00,-9.286116495356234068e+00
2.607817469856456682e+00,3.310330508008934025e+00
9.365099105080316733e-01,-1.247549984425796232e+01
4.977479325597022886e+00,-9.441484401472605370e+00
3.365196439549929419e+00,-1.230035613288960405e+01
4.739722367549340731e+00,-1.066568967552617409e+01
3.942763187794104063e+00,-7.373810740495839511e+00
3.221142211694706159e+00,3.824357154962195526e+00
1.923068668722635266e+00,5.791299674059000147e+00
4.342345747557796010e+00,9.899664377930772474e-02
-2.196972083325065217e+00,-4.304939744218301279e+00
9.836184261303571930e+00,-1.048913958664560120e+01
3.775517058942128745e+00,5.387016067850123768e+00
2.796754733212140742e+00,5.958757262428734158e+00
3.035329215493965282e+00,2.921155478448650200e+00
6.475494336999269684e+00,-8.517982969913362012e+00
-2.814417236557846813e-01,9.593182038606684614e-01
6.834170307008234246e+00,-1.079493644865518753e+01
3.825589977635635464e+00,5.348311035303759731e+00
3.322535109156473876e+00,4.555978008351975639e+00
3.597895191912646173e-01,-4.192037237203868116e+00
7.107145180274232921e+00,-1.003535868818031673e+01
2.731446003614665496e+00,4.532575050214398438e+00
3.542518285423132518e+00,-1.093035029056495944e+01
-3.237733030938925616e+00,-1.042318051102681764e+01
8.522328274829369388e-01,5.966257901681649933e+00
1.755461242689962953e+00,-4.076828199512852358e+00
3.781295202366635078e+00,4.363255953277453081e+00
2.139861269691590184e+00,3.574500307860360326e+00
-3.545987148837840941e+00,-4.289462894820427863e+00
5.372567586640546011e+00,-1.271985702525432238e+01
-8.426976939314096526e+00,1.345776064483041878e-01
2.609131290707856987e+00,4.504292246073695161e+00
-4.870130918587467939e+00,-7.744096609484789617e+00
3.927918394748397102e+00,-8.211264200834033744e+00
4.276577537230027204e+00,-1.030530328167087539e+01
6.181206876189024868e+00,-1.059827977498673768e+01
2.376344285126218647e+00,-8.669177065093931489e+00
3.082680094851723673e+00,3.548090140215186317e+00
2.966027074508710726e+00,3.565246223779673151e+00
2.583748684380575256e+00,4.775717356582195094e+00
7.641829334900219095e+00,-9.095873059515991343e+00
5.330330214876077832e+00,-1.054653569307601835e+01
-2.680635614174782799e-01,-4.389630460724106342e+00
2.398448596429610280e+00,3.929990960910727082e+00
2.709653968547419023e+00,-1.006513808794856502e+01
2.877797286941730981e+00,6.959319237010984871e+00
-4.260901386125385493e+00,-3.067631811338405790e+00
-6.396210936765295507e+00,-3.406637435097094269e+00
-1.982967620583976798e+00,2.182557757914468155e+00
2.761395152190978308e+00,-9.272374977669711527e+00
3.265219872426008418e+00,-1.005705571651343888e+01
2.271274563169588312e+00,4.489238935699826349e+00
-1.828902216548332182e+00,2.559176706222032749e-01
5.911171927187028885e+00,-7.852251445058771040e-01
6.567799775369537407e+00,-1.061071139751479109e+01
5.114225700482943004e+00,-1.336825180615526776e+01
3.599315449173022596e+00,3.195949745938461373e+00
-1.587310455131112574e+00,-4.714139829425002759e+00
5.523898286362284082e+00,-1.176531817921505407e+01
7.284635456421623800e+00,-6.819886039369170483e+00
-3.133875729327693538e+00,-7.614450380119496486e+00
5.883673125584238939e+00,-8.694685787151273715e+00
-3.901412820637216061e+00,-1.013941836596154999e-01
3.725256557989235606e+00,2.595816898332512501e+00
7.673795372153765726e+00,-6.239716586196314196e+00
6.769894732490002731e+00,-9.234682013651804411e+00
3.388601037885345946e+00,4.713129738315012141e+00
7.849630320917160287e-01,5.503889909575208961e+00
-1.261002356033339433e+00,-9.076230402645085960e+00
7.862710566037014459e+00,-9.698002458977150297e+00
3.712942656252665508e+00,4.485438130190961381e+00
4.138477388569205218e+00,6.569041941440222132e+00
1.378056130003982194e+00,5.652012683385567726e+00
-2.591317103440840430e+00,-6.797374638177833717e+00
2.065521027321959746e+00,-8.231544621823344343e+00
-1.722665821826862897e+00,-1.166735364325919377e+01
1.961770021181056034e+00,-1.133256444719155098e+01
6.719929539910342697e+00,-1.093196464085130160e+01
7.269053727697379230e+00,-1.073073545636700388e+01
3.640084182124515788e+00,5.792468510326926001e+00
-1.914383957190070873e-01,-7.989951621892972256e+00
1.558438428647070717e+00,-7.160902466408766820e+00
3.776295956358880268e+00,4.384058929415435735e+00
3.070039783939910727e-01,-5.230390921424190154e+00
-5.514138041646231336e+00,-5.658522934724988573e+00
1.439147549417721050e+00,4.908906544685278206e+00
1.878291767784283195e+00,5.629555218101972791e+00
6.012294314998852585e+00,-1.052657551578300499e+01
1.067540891112743306e+00,3.672187152973731994e+00
1.302128407420751310e+00,4.768350037606197134e+00
1.496665658480472727e+00,5.406728644422744701e+00
4.293634555084507198e+00,6.650414051032552010e+00
2.167184795970798827e+00,-2.724990658709072200e+00
6.292465245242115479e+00,-7.178886265187546023e+00
-1.790957714916707466e-01,-9.170682192187360471e+00
6.201221651922769418e+00,-1.422109841162316712e+01
3.824608402361837189e+00,4.760558267607655658e+00
-4.955166422277651250e+00,-6.363718195988686155e+00
3.149388679435351612e+00,6.517611030270480832e+00
2.656841811892195704e+00,5.368302737201615216e+00
3.611632791215850791e+00,3.429692644355154307e+00
2.702578342872624440e+00,-8.334029774042658545e+00
9.299375142644414893e+00,-9.650363850162651858e+00
7.471445079803191724e+00,-9.251340478772505094e+00
-5.483304514175914302e-02,-6.113649050975162424e+00
6.351183966782528501e+00,-1.202467208041280600e+01
8.155070413265237406e-01,-8.971989446029549953e+00
7.641085162831290134e+00,-1.226053911475059444e+01
1.518438003334082964e+00,-1.008717017989076936e+01
2.210062948664221594e+00,5.214458559609568056e+00
3.899204187688222412e+00,-8.623383526625586271e+00
7.010891831869355606e+00,-1.116716491900815811e+01
4.838227187557912146e+00,3.852164159730024906e+00
5.208665774742051724e+00,-5.943399705397542476e+00
1.076978304315924362e+01,-9.456070012675851899e+00
-6.175886193839171590e+00,-1.643668165658566771e+00
6.602112209845691027e+00,-6.434276842988104761e+00
-2.299970844789759106e+00,-4.277479623675453091e+00
8.969602847024498171e-01,7.034605010346115961e+00
5.302588806350110318e+00,-1.109274693430736924e+01
2.777708106774109620e+00,5.042501468891175342e+00
2.646258917003387001e+00,7.182639516811770264e+00
-2.275413357118874380e+00,-1.031999346357943281e+01
6.050952817576632725e+00,-9.271529837947596775e+00
1.455583529268861032e+00,-4.206481036254354322e+00
2.511999150184875962e+00,4.662578894973280264e+00
3.574099479141668034e+00,4.868889570808399014e+00
-1.192096764396865849e+00,-2.153996536581397336e-01
5.572978883188377530e+00,-7.237496185966362461e+00
1.364189785109074515e+00,-7.977277877184036470e+00
1.023506407720961775e+01,-1.106367448982931379e+01
-2.692979990150095038e+00,-1.255117939779718306e+00
3.166259151608899813e+00,5.208334649912769621e+00
5.878665563833816776e+00,-9.816722473993852560e+00
4.012269971200591812e+00,-8.491631337742902019e+00
1.452204566562581789e+00,-1.086662559785336590e+01
-4.640712471759367297e+00,-4.361593582866469809e+00
-1.209142015912265000e+00,-6.280384383371400148e+00
6.447841688130644400e+00,-8.756365730423951277e+00
3.478271626649752868e+00,6.195502488562549814e+00
7.362033697637303753e+00,-1.133401110219676688e+01
2.886773681729153385e+00,-8.938181153368638832e+00
6.126712443591789459e+00,-7.707113115244832002e+00
-7.605586175896221768e+00,9.754266583921991085e-01
4.872272081081412409e+00,-5.604949987936107547e+00
4.143371986128100204e+00,-1.425897335561870705e+01
2.780934995918275643e+00,5.167863314414249842e+00
1.230940125624096826e+00,1.591902865272937007e+00
6.458957467677639563e-01,4.192361825365528816e+00
2.353293732533756621e+00,5.298470157589926899e+00
8.715935129081662680e+00,-8.138102619580610764e+00
7.120095437731353449e+00,-9.271657498857429403e+00
5.374696021938684787e+00,-1.183364545351367170e+01
2.350847680624354563e+00,6.479049663632482137e+00
-3.483710437936209381e+00,-7.449885435129807831e+00
-5.945591224429642274e+00,-6.987205115096211117e+00
3.032220186040412990e+00,4.459547464235929404e+00
-4.396802450801264861e-01,4.759064965897328747e+00
3.521633872125019327e+00,5.037036271336879700e+00
9.483303948160195063e+00,-1.087034526620871766e+01
3.376906931244351817e+00,-9.264162686926852075e+00
2.092539763594936097e+00,4.263009579959011752e+00
2.903233387335454108e+00,-1.002348154081796672e+01
5.435833954252884404e+00,-9.290893133044137997e+00
-4.916266374260522376e+00,-6.514962410625955158e-01
3.628443423294322567e+00,3.940795594078038810e+00
3.382160448731407421e+00,6.264135347480786820e+00
5.293710884613102297e-02,-6.532987835559187495e+00
2.957040079252346132e+00,3.657978880238570429e+00
7.554670157402635589e+00,-9.627490850233089148e+00
1.620724539015297783e+00,-3.958510553002248855e+00
4.319776010141991307e+00,-1.179720748537772224e+01
-7.053736345411090625e+00,-6.904960025243829236e-01
2.272196731320226259e+00,4.632063000631361227e+00
6.226832841839615718e+00,-1.026022568698303239e+01
2.724521186103199266e+00,3.869347782644810607e+00
2.664376233568328978e+00,4.774600235276149185e+00
3.414683135665282254e+00,-8.929810281668169480e+00
4.124967838311483170e+00,-1.505351035344409638e+01
1.326604576102268007e+00,-2.053333562193841111e+00
3.740282810897208599e+00,5.211439115780500231e+00
8.547882933692441121e-01,4.840553819642259725e+00
-5.821475610536455125e-01,-2.439417671262146481e+00
6.556718204648174009e+00,-9.879801528266009214e+00
4.216204920318490146e+00,-9.017099173902355602e+00
1.719684860784326474e+00,5.498641593354206769e+00
9.561491161024671115e-01,5.144509619870514250e+00
7.275908134358763490e+00,-9.114471482820821535e+00
3.762814459735501771e+00,-8.398582550233072652e+00
-2.294430714220998091e+00,-4.362719563671602074e+00
4.287309478735338963e+00,-1.205482776775401987e+01
3.659490891147428204e+00,-7.268857869416843087e+00
5.165171019790738782e+00,-8.598990603251669640e+00
3.739665112187835927e+00,-1.237835806604639544e+01
-1.742582401475207377e+00,1.813032850755138981e+00
8.043359027061875111e+00,-9.194934454345784047e+00
5.478028048347934664e+00,-5.183028137528395085e+00
4.098911016011815178e+00,-7.021813331542576364e+00
3.103539151742500835e+00,3.631986343825703401e+00
-5.413592645347850230e+00,-6.004683477708392836e+00
2.053408958236409454e+00,5.120866267882583145e+00
-7.174940236951513617e-01,-6.080569637962643270e+00
-8.174419395193780247e+00,-7.486592149076749081e+00
1.501375830567274416e+00,-1.217868526435280074e+01
-2.956706608767901479e+00,-3.995390792864160545e+00
3.210966128559221033e+00,-7.544085567316605179e-01
2.685322890398340601e+00,4.429759970938216718e+00
3.154669537861589657e+00,6.610580325250357880e+00
1.384985819638253068e-01,-6.588298765572053739e+00
7.898823517708550845e+00,-4.654310848689017455e+00
1.822033644368066030e+00,-4.597908067948415223e-01
5.124458761233281479e+00,-9.549114631024160360e+00
3.329028725336931060e+00,6.714163666516175688e+00
2.618489856671805782e+00,3.623478136636044233e+00
7.922711457407606517e+00,-8.119509472358801716e+00
6.029558443213319130e+00,-5.347778141533372498e+00
4.230581936300442436e+00,-3.652991636651884644e+00
-6.447043537759169496e-01,5.871357234302307049e+00
4.952404496287956981e+00,-9.470390712499934693e+00
3.184310646159361102e+00,5.012608657422555680e+00
4.780010400388908565e+00,-8.256669798955314832e+00
6.502950162003929613e+00,-9.194575420577589142e+00
5.793049701079066693e+00,-9.607938005348248822e+00
2.530059160482378999e+00,2.928603786855447755e+00
6.887427759613979461e+00,-1.298176399513579682e+01
3.722752787670881247e+00,-2.320170235918747714e+00
2.869899753721258939e+00,5.132652602416149179e+00
5.848679158580505355e-01,-4.968150928918641185e+00
1.845058921819230591e+00,6.609351136059592235e+00
-9.823898233243415490e-01,-6.659539027474961514e+00
5.105698729328786101e+00,-1.161363936508283423e+01
3.142043330805788681e+00,3.192000027021063779e+00
4.541653706950229408e-01,-2.971105605113404380e+00
4.323727729203223902e+00,-9.715965837237787284e+00
7.965795428681505363e+00,-6.790285059577298554e+00
2.384910322230249680e+00,4.128168517429624984e+00
2.487271065605310305e+00,4.546634416014438074e+00
-3.666725485892405878e+00,-8.248519678377036257e+00
2.843978242480776242e+00,5.034833030996247238e+00
-1.089042458088839460e+01,-7.131176075233859990e+00
-3.924999403997810443e+00,-2.915332453747689900e+00
3.781677669673589648e+00,-1.275806453450766753e+01
-3.984475077425183365e+00,-3.605306423996119669e+00
2.155239629316596961e+00,-9.095364835719998098e+00
-3.035520470207548893e+00,-1.094061001779610720e+01
2.036880303102378331e+00,-8.448747404799817673e+00
6.664310714123772961e+00,-8.630492406589572951e+00
3.207201205748791750e+00,5.269782771807126842e+00
2.098910626568749827e+00,4.152579000167640366e+00
-7.113377371919654912e+00,-8.294455350628284762e+00
7.683983171554674030e+00,-1.098058107375539905e+01
-4.057529173535128209e+00,-5.254763090625877986e+00
1.734488833931525198e+00,4.265200745224569268e+00
-3.420115264675995359e+00,-9.074349999204487816e+00
3.721440959429997974e+00,5.912165913740736300e+00
2.599315338055563807e+00,-1.060065501761049056e+01
1.390975559986086019e+00,-8.503879586609443209e+00
3.673603107489580299e+00,5.651189641352256210e+00
2.924888274218825579e+00,-3.886261339958484218e+00
1.828228901116577099e+00,4.170468101571138675e+00
-1.407182490804911978e+00,-2.424422051920227084e+00
4.082365992398226950e+00,-9.373336847220459234e+00
9.212987615951497844e+00,-5.526632037082517712e+00
1.663866748495520076e+00,-7.031026472641655367e+00
1.694103289531372347e+00,5.252480790004482536e+00
3.376235769396430442e+00,5.772280262772786052e+00
4.431437623068291032e+00,4.422968309958413613e+00
3.517110328728859869e+00,5.991163524792606054e+00
1.926908302634894765e+00,-9.891881233311771382e+00
2.539164276078817117e+00,4.916306771065798387e+00
3.457239569301912674e+00,-6.613002184734150468e+00
2.307425130714209072e+00,4.421913630203739842e+00
1.532194003682773920e+00,4.589883131928899296e+00
3.964329326727393799e+00,4.407535134231421736e+00
3.113093719885364319e+00,4.033647632389611992e+00
3.491251529639117557e+00,5.176578347178434569e+00
3.664398340883169070e+00,3.470085963612678182e+00
3.233125075142744276e+00,4.598759569007857984e+00
3.634324106192977855e+00,4.823227406370103054e+00
8.342331343426377943e-01,-5.075864635591456064e+00
3.347104216233268481e+00,4.769559414383405027e+00
4.681581373805095758e+00,-1.151961319203517142e+01
3.722195169964515493e+00,3.476915068709565126e+00
2.744150068965374611e+00,3.881141664467772312e+00
4.575445825369610198e+00,4.075330333390392745e+00
7.518778578951447855e+00,-1.242207307125875992e+01
4.545951228633850150e+00,-2.794338886840269875e+00
2.178469860743154740e+00,7.032819580698600248e+00
5.841072000115163476e+00,-9.875090087462124799e+00
8.192877324405955619e+00,-8.892494782109602980e+00
1.198759086600463375e+00,-1.675686801308769347e+00
5.378595980133479060e+00,-1.270004595687395899e+01
-6.974787689286542580e+00,-1.416858403580041070e+01
2.568620909462080881e+00,7.076458706903061113e+00
3.496281524301392718e+00,-7.528412856846562029e+00
-1.118702613468103291e+00,-4.524415407454682736e+00
3.056155916072929912e+00,7.081686487489756487e+00
7.741751310204665337e+00,-3.977193723118594093e+00
2.552526949549823509e+00,4.857022406285748772e+00
3.191174348698112784e+00,5.609320405623321903e+00
-4.576032048272439923e+00,-8.716975965044250430e+00
1.415948329227626257e+00,3.156058321229874952e+00
6.937012781239269010e+00,-7.825989631696645077e+00
9.640796141228504812e-01,5.545223893973994400e+00
4.938270865846412505e+00,-8.751537224596134479e+00
2.801630052046799157e+00,-8.594263997974815439e+00
3.529149695718161173e+00,-6.159167507333244806e+00
4.837814091785798354e+00,-7.575472666148436396e+00
4.280714202199406238e+00,-1.150697169891213889e+01
2.409769891008487708e+00,-8.343759686794744113e+00
1.712471168391555221e+00,-3.927247373898019145e+00
-7.097256820598882854e+00,-1.870484268730757904e+00
6.669084813115880195e+00,-1.102513213424976435e+01
4.784367389525909786e+00,-8.583171078944825894e+00
2.609461129755932252e+00,5.456645113727290664e+00
3.803447089339986320e-01,4.564580704676996170e+00
4.501334630827757088e+00,-9.147843348928427432e+00
1.116964408787232688e-01,-8.790479311919570549e+00
-1.919066557885773072e+00,-2.867740862737349072e+00
1.726921865265600209e+00,3.925523370591410544e+00
-6.166738895380954322e-01,-3.171458406920097950e+00
1.297181779483361330e+00,4.719461683705392652e+00
2.196980044125567133e-01,-5.828211098708745652e+00
2.101474492555292617e+00,5.266499907178707751e+00
7.440135142584564321e+00,-1.017381302759185502e+01
8.396822910974370835e-01,5.260377058532943906e+00
1.194055379139375095e+00,-3.000160736172957421e+00
3.153208441672830986e+00,-9.314687255914698483e+00
6.102531554758686028e+00,-7.377215206326001251e+00
2.649094150582519180e+00,6.010428353246163091e+00
7.716430180846034048e+00,-8.963208261945903033e+00
1.689112894198489201e+00,-9.499447995203077255e+00
3.117229922642718698e+00,-3.665780054703775548e+00
5.661364187388195468e+00,-1.339987478906077101e+01
7.207003202749467929e-02,-7.261489281331670043e+00
1.517101153335438601e+00,-6.615941757626895736e+00
6.986505484237408581e+00,-7.467326969389589841e+00
7.742605593725948587e+00,-7.585439975040106475e+00
2.527990181621947219e+00,6.417553526836631939e+00
-5.230897040768279105e+00,-1.134755146514113378e+01
2.177931633810791912e+00,-7.951261438095876599e+00
7.015783414008470942e+00,-1.057124249569386087e+01
2.358314131810225867e+00,5.034734661456047533e+00
1.190140326268510629e+00,-8.216442457776423680e+00
4.350547439464907740e+00,4.392509458579842985e+00
3.433924418740103235e+00,3.198270904536848036e+00
3.622527264349247211e+00,5.749660899464609898e+00
3.416980160282728551e+00,-8.402054839551325927e+00
2.858229181056837209e+00,-1.209754697363390719e+01
2.066935622148127649e+00,5.166550265218698534e+00
-5.811107281583628215e+00,-5.423126127105914129e+00
2.498847895212069403e+00,5.329968528825620666e+00
8.222051636988663148e+00,-9.335627462655210707e+00
6.840073774838189458e+00,-1.115949886530634316e+01
6.233541716973127755e-01,5.385770976301395230e+00
-1.618990110911983082e+00,-8.327901671637945924e+00
1.813295109172396558e+00,5.247648036715373721e+00
3.273026119771022646e+00,4.332956500889460827e+00
4.363572950159309016e+00,-8.965436565379151901e+00
4.880096736909292687e+00,-5.188877012337606232e+00
2.038539839523761721e+00,-6.429012548095649926e+00
6.544779936493616113e+00,-5.740306191745392361e+00
6.996605863453312146e+00,-1.056040984670631744e+01
2.044354759616363815e+00,4.127978271266350419e+00
1.953473582650940399e+00,4.989741963949462011e+00
2.038999104184169742e+00,4.047988336673022047e+00
2.233601856268056629e+00,-6.228447001778869563e+00
7.832218709855300887e+00,-7.643841959474237058e+00
2.728362126742067240e+00,-8.584687310921356840e+00
5.678702598466479401e+00,-8.333797128715819014e+00
6.584509765696639150e+00,-1.050481210860357706e+01
-2.096472651687985689e+00,-9.035309160370125880e+00
-1.592585955518523777e+00,-5.599295816857468466e+00
1.616969736543846459e+00,-1.385432948396131181e+00
7.110862342100230826e+00,-9.177799418157013278e+00
2.587345963560996775e+00,4.776223343611770922e+00
6.240332253668506191e+00,-8.711891095206059532e+00
3.310813951920879017e+00,-5.829646883401317758e+00
1.483141764532149409e+00,5.909460131573895936e+00
3.832054652851840881e+00,-2.130259498335194124e+00
4.748132373208050261e+00,-8.960621140185525135e+00
6.850330898374598299e+00,-7.748422709853139523e+00
6.327796229858519084e+00,-1.020383226342792859e+01
2.285841198706237698e+00,5.497387172275293388e+00
2.284744709203921254e+00,5.369648821273696804e+00
3.919698378143392059e+00,-5.003587440987274704e+00
7.976511067201620619e+00,-1.024262509281202149e+01
1.493225667060305240e+00,4.436104158684332610e+00
-1.975310350234433798e+00,-5.947620971168857906e+00
2.475479073451938739e+00,2.599319873013218984e+00
-2.205411195521279399e+00,-7.793762004110964980e+00
-8.643576224429468935e-01,-7.397993587631219725e+00
6.494182483956668861e+00,-8.097012205240121219e+00
-2.047075162018481720e+00,-3.836207939603336392e+00
1.797918201199497357e-01,-8.673494922259479267e+00
-1.780173610391136974e+00,-1.006767396579346929e+01
3.004065520032360936e+00,5.987983491217709897e+00
5.977977711311678988e+00,-1.036352409705059507e+01
6.945355527600668211e+00,-9.652815012166133357e+00
2.763137562470540765e+00,4.938629031185235441e+00
-7.548889014613091142e+00,-1.695359369777927583e+01
-1.817223280494600912e+00,-9.726875001249780439e+00
6.365405277468459744e+00,-8.033652569481693817e+00
2.848163462747422603e+00,-1.153336019732824447e+01
4.060168063182441500e+00,-1.090299562948247214e+01
4.110956725132458800e+00,-5.362763939275171587e+00
1.551891157478593408e+00,4.127673102343348610e+00
3.390371903025094280e+00,-1.087894965090440991e+01
2.735924680580559820e-01,-1.157085488205306767e+00
4.251517975161153373e+00,6.172257721284195142e+00
3.427876079168579615e+00,3.663121544605118629e+00
1.281031266771805122e+00,5.461480867392117133e+00
5.690749164260251014e+00,-7.692363684324368123e+00
-1.856806641684292325e+00,-9.559080151971024009e+00
-1.696808415510991930e+00,-2.515825799621458359e+00
7.803046373304207250e+00,-1.007645178790872897e+01
7.647129322550759722e-01,-1.514388566742231212e+00
5.168604293514313497e+00,-5.753655834975472061e+00
3.435277046617418506e+00,4.294520171778814621e+00
2.267338104718681802e+00,4.865195288249275940e+00
6.377245148339967251e-01,4.685671412873295694e+00
-4.676684271319641040e-01,1.307406275478250279e+00
5.133731254366114882e+00,-7.468087727800105213e+00
3.200004029131322980e+00,3.893459043596370961e+00
3.817230580795010209e+00,-1.001035629023299300e+01
-5.264257118835748983e+00,-7.741068280665752255e+00
1.690901423892217981e+00,4.725616831623635328e+00
7.512196290854191716e+00,-8.015249543603342630e+00
5.396759493360723248e-01,5.722820296386944783e+00
5.273202851896240162e+00,-1.091343566937036513e+01
9.036904020271419924e+00,-9.733007460747581163e+00
3.981171398322682187e+00,-9.416681902028468443e+00
5.624711297005406507e+00,-6.788968258624819896e+00
3.356530609388240993e+00,-1.342069442780351274e+01
2.180942411233236289e+00,5.872676181438173160e+00
1.360083816310166061e+00,5.219949793778588365e+00
-4.985656504430711955e+00,-7.641551123671110446e+00
3.872594096053496582e+00,5.357682252413441759e+00
-5.541132764176617265e-01,-1.013867704675413606e+01
3.387802440857694108e+00,4.902949811328694452e+00
6.432791228607896983e+00,-7.196259807885477144e+00
-2.437740135789926654e+00,-1.702645986991373039e+00
3.919565445043259544e+00,5.500868110077260731e+00
3.458956617267885392e+00,-8.759895581488814642e+00
5.439853161444364593e-01,-5.783724440307282499e+00
3.084890989059601463e+00,4.111890846752032758e+00
5.539084424090058079e+00,-6.653651002639495715e+00
-2.070479075813039582e+00,-5.305172978847479293e+00
5.736218477114505276e+00,-8.383607458076138386e+00
4.893409135274977118e+00,-9.927546607982051796e+00
1.793339171246238761e+00,4.812573002651883591e+00
2.207671497858606724e+00,4.804660316501517592e+00
-4.043719521167815634e-01,-5.872718530553377114e+00
7.932363036556198566e+00,-1.289961686426921439e+00
4.781685880856994864e+00,-1.091649247518061827e+01
2.375434500994752618e+00,5.324223096135964006e+00
4.289782524936804009e+00,-7.566568933494002280e+00
2.545268262382473612e+00,-9.414995269121762433e+00
-5.855537912499494624e+00,-9.810199094856226765e+00
1.021582019510399064e+01,-7.750043137791111647e+00
2.981856736516369288e+00,4.530550538200755817e+00
6.733737493994755852e+00,-1.393817828211797405e+01
1.108129289356296177e+00,3.819052143666585408e+00
1.114866973770693770e+00,4.621542928679376772e+00
-4.586595432834318919e-01,-1.015478586225923863e+01
3.014418000516230212e+00,6.936594301672011298e+00
-2.259172319077074054e+00,-8.211531606577457509e+00
-8.388456276171929460e+00,-3.132847469248502215e+00
2.945943259541386805e+00,5.782585254030579769e+00
3.163664273325832443e+00,5.289272608080194615e+00
2.888381813135764808e+00,-8.075208871358888985e+00
9.197320626371652263e-01,5.296161437442942876e+00
4.604565661803341037e+00,-7.723289743485197256e+00
9.557664301618794767e+00,-7.500856184228297252e+00
-1.954839361801136377e+00,-2.120868056449706440e+00
7.274483385813910186e-01,4.853066595451791088e+00
-1.087217836710700380e+00,-6.716837075973074889e+00
4.179174848779287466e+00,-1.031133341566630790e+01
-6.141540248119432555e+00,-4.705416140382859602e+00
1.435548628173517027e+00,-6.143886165190520998e+00
1.246255856046714738e+00,5.488880448567718062e+00
2.822316210167174155e+00,4.383232730242757391e+00
2.513875133951754659e+00,4.596122508895760461e+00
7.447854472196270281e-01,-4.766263874633764885e-01
3.095474257299895449e+00,7.198429543591402080e+00
4.109532434770188480e+00,-1.054303014399713412e+01
2.711881715978630591e+00,3.544443559478585914e+00
2.206006130262719633e+00,4.081932880906078864e+00
4.046338197040710405e+00,5.950997702248580268e+00
7.970054113122021278e+00,-9.824066978614107271e+00
4.257502552084183378e+00,-8.380916471304542981e+00
-4.814495707675244596e+00,-6.539957671769787595e+00
4.956248405716891625e+00,-1.210661662412025130e+01
6.043129923138295112e-01,-4.244323219795923308e+00
3.866938994211395197e+00,-8.387175429417562000e+00
5.265322529071772450e+00,-1.202664552363957995e+01
3.519348030101972391e+00,-8.408879825194247815e+00
7.939357392845230343e+00,-1.104890001681438605e+01
5.109297745922115830e+00,-7.764145980944103798e-02
2.554001311425483589e+00,5.711039000105429864e+00
1.186840598206477804e+00,4.523916550531736469e+00
2.039969794407817894e+00,5.193172520059759378e+00
4.417424689679896765e+00,4.017977482563906300e+00
9.073714471551261873e-01,6.190191201842118573e+00
6.802222316657967838e+00,-1.265109844939233419e+01
5.767002254952099172e+00,-1.110062031751380829e+01
2.645111704940407371e+00,-1.233144635873368422e+01
4.016591078387365954e+00,-7.860909314337918730e+00
2.248043982000820673e+00,4.799635728055354988e+00
2.007460498986090691e+00,4.000533265267675276e+00
-8.127119006411060553e+00,-1.758582577623725829e+00
7.784990525377781800e+00,-1.934931205075464344e+00
6.203568905279230883e+00,-9.157391573361461923e+00
4.891235693199993406e+00,4.869959718597745457e+00
6.396418121629479536e+00,-1.290217042595855901e+01
2.953003816479788490e+00,4.486095070132739338e+00
-7.772723843946779398e-01,-7.941817741322251933e+00
5.430782194324780265e-01,-8.608639363171180392e+00
-3.325073700681087541e+00,-3.445202642696413520e+00
-7.169067602149575613e+00,-4.069311402992153326e+00
6.298783458400396995e+00,-9.660796776838038724e+00
2.942818074069257328e+00,4.819010399524780830e+00
2.601264312708035931e+00,5.607916478734011001e+00
4.057996574179261629e+00,5.139825384169137479e+00
-1.708991544627719517e+00,1.719971551145235367e+00
3.479355692329642036e+00,5.725625795369762017e+00
2.613262097243975735e+00,4.483214631283471086e+00
3.526199575343421877e+00,4.245462689794635480e+00
3.770624716173600177e+00,-1.712090165807463205e+00
5.763920082839618431e+00,-9.684955369155190397e+00
8.649327453321616233e+00,-9.106282479949490138e+00
1.078623348129355008e+01,-1.179200527533442155e+01
2.360914911437117070e+00,5.394522265622460289e+00
2.696387915792463730e+00,5.194106786523026820e+00
8.026950975227167717e+00,-1.187715266548817894e+01
4.550005692168180182e+00,-1.082715854709515924e+00
2.612003579129314357e+00,-5.543646425087742635e+00
5.302580439904701848e+00,-1.170265759676728301e+01
1.497154539609573565e+00,5.469192128334186442e+00
5.117369315884383596e+00,-5.924666712451879036e+00
3.184842359974790149e+00,7.769243412503378465e+00
1.298679760877063494e+00,5.399902208235250356e+00
3.697887542047775256e+00,-2.670420705291937757e+00
1.178745063428993989e+00,4.680179710180332187e+00
5.434995727202985627e+00,-9.934161433997852342e+00
-7.908599458865063214e-01,-3.804322509170562583e+00
3.337646572105258613e+00,-7.529283155167057373e+00
1.014384817505784575e+00,5.264398792113889058e+00
2.863042539767584937e+00,-4.411477322830013037e+00
5.468499307474320226e+00,-9.272217969179118668e+00
6.004567862813400936e+00,-1.025974881426420282e+01
-5.938130539668322605e+00,-1.909237496494038400e+00
1.664007930313194272e+00,4.829487470427166862e+00
-2.701135187694955864e+00,2.253248066048835874e+00
2.393990345591131330e+00,5.313049518263077253e+00
1.399299602322615854e+00,5.216285077482344157e+00
1.977970212163577823e+00,4.658895377248381209e+00
2.156524593089736541e+00,-8.715086463625237201e+00
3.547546145809817197e+00,-1.056363544658127296e+01
2.514115780003737921e+00,3.446306256675565116e+00
5.147572942585586731e+00,-7.233945927159236788e+00
3.386088078322912143e+00,6.966302828713858197e+00
6.935522703433687042e+00,-1.163456639249547742e+01
3.457963574067137280e+00,4.543794300278600318e+00
5.328751842657412752e+00,-8.798278578648490722e+00
5.740157091165945857e+00,-9.824550547873862172e+00
5.478605921608322937e+00,-1.152437235842156937e+01
9.910145870421533942e+00,-1.007793525400625967e+01
3.441147897015635948e+00,-1.094964395986955807e+01
6.720983836916015974e+00,-9.285832202517815048e+00
1.461245280888936904e+00,4.978746497991788367e+00
2.266888469265531114e+00,3.576826183795674297e+00
8.482115104131674244e+00,-1.088383775462620129e+01
3.395469099643394273e+00,5.092954740247974676e+00
4.686486339965458825e+00,4.893479296238348653e+00
3.033219931159315763e+00,3.980596605106485164e+00
4.492607622264750411e+00,-9.943000414544714616e+00
2.982571446091162315e+00,4.575420536143314898e+00
-5.262004079404817070e+00,-9.987888216833741950e+00
4.900228176550289749e-01,-1.787001261221638604e+00
6.466297487784746778e+00,-1.234071267128908289e+01
-3.626830116836857965e+00,-8.515683958350175331e+00
4.242892204847631632e+00,5.054606465914989855e+00
2.253592291275210879e+00,-8.179830729913474485e+00
3.879958564309590408e+00,-5.697386134939795177e+00
2.756973849195101245e+00,4.371927346374625323e+00
-3.166699757901279444e+00,-7.139100913076692478e+00
1.373908334337361481e+00,-6.283623376459237519e-01
1.714041904112623360e+00,-1.003050841101796919e+01
6.181919037265602768e+00,-6.356145064521040666e+00
-3.377911888661226048e+00,-9.136574782039549092e+00
5.882047593025334642e+00,-9.086603697039299377e+00
2.885137903601004972e+00,4.231761306746220086e+00
2.234065876784574467e+00,5.199318328735020422e+00
7.250636193957565645e+00,-1.190670980363449161e+01
9.866913236634591855e-02,-5.784687654895420472e+00
3.534479255088892824e+00,5.203030121821177190e+00
3.191398064523582878e+00,4.306791045149610753e+00
2.698871662699693807e+00,-7.271331051656659383e+00
4.050788159083344553e+00,6.160632441846402685e+00
5.166678684387006726e+00,-1.017113889129960036e+01
7.211540928365910652e+00,-9.562915619260373035e+00
6.961448936253731290e+00,-5.145123496878144742e+00
1.470956304019105154e+00,-1.307170560460978415e+01
5.031121848612110981e+00,6.016092236156946882e+00
3.617006019905701031e+00,3.818137671893839791e+00
3.409680792888953871e-01,-1.566777367150372413e+00
-2.470306662877843618e+00,-5.793916068117622054e+00
-4.208313161844837502e+00,-7.449348988797568794e+00
5.959984895302455676e+00,-8.532931626925677193e+00
6.055920422958386951e+00,-4.649658899942764378e+00
3.846712243749417670e+00,5.199617538010080864e+00
3.379523352508191358e+00,5.053115261217578258e+00
2.868858020452365487e+00,6.134280174088163839e+00
5.692687859077035561e+00,-7.179473264872160421e+00
3.375026050121419541e+00,4.332811097620857588e+00
4.593515630249767945e+00,-1.187251381842861342e+01
-3.975217989788079054e-01,-8.263463170199107921e+00
4.849201167312767957e+00,-5.942442539160970760e+00
4.294062421136371377e+00,4.139776708192857591e+00
3.094116591488639489e+00,7.303213487439342622e+00
6.749202794506592440e+00,-8.338184190168110632e+00
2.584651835026450684e+00,-1.094285456205205165e+01
2.574348405905054538e+00,4.765055457526711891e+00
-2.294347589458010095e+00,-6.031863992041774480e+00
6.057181480960633913e+00,-7.309362078908478999e+00
5.305213748620690950e+00,-9.150504579431734342e+00
5.181177788895995340e-01,-7.843150752250865665e+00
1.442822780849438047e+00,4.611165893636784752e+00
2.197319564322948171e+00,5.768267403467763010e+00
3.524514890743732032e+00,-1.181627931461611958e+01
1.887053672682880379e+00,-9.781380806190725252e+00
2.465305094721962575e+00,6.139663446064106189e+00
-4.303346199394221472e+00,-4.244023017794091857e+00
4.746515621332881629e+00,-8.110603050570723838e+00
7.585874220926333678e+00,-1.051064278400450824e+01
9.730353876910609046e+00,-9.691410795192609839e+00
-1.380191742418341416e+00,9.022403243313537047e-01
1.777013838284887015e+00,-3.495947004080744325e+00
-5.146068347356922423e-01,-9.614590935522066673e+00
8.337901198086421495e-01,6.085458967552331622e+00
3.358820730319754144e+00,-8.224870616835858073e+00
4.126828339672944601e+00,4.569798474076018024e+00
5.098262283980119491e+00,-1.188258554162769087e+01
5.974758426855133031e+00,-1.061478085775447333e+01
4.855141571423118307e+00,-1.187802476439796351e+01
-1.048408565747281429e+01,-1.302091254068307791e+01
-4.295444669886819611e+00,-7.282584662006589049e+00
-1.042262485330874622e+00,-3.192681231796617780e+00
-7.218327070315758043e+00,-8.816522072654651154e+00
2.306197989550593963e+00,3.544711545813418407e+00
2.058911536911410600e+00,4.681368651971320460e+00
3.922869062207571922e+00,-1.045250637695135687e+01
1.440678307590544449e+01,-6.380634999689442033e+00
6.657052755335175931e+00,-1.027405856696652897e+01
4.519541034338910634e+00,-4.588134411022438464e+00
-9.028879243698789026e+00,-4.767383031752515876e+00
4.607874464113702828e+00,-1.007991155894721302e+01
5.070778641448264068e+00,4.498008305611421065e+00
3.114560695194402484e+00,-1.109964071592855994e+01
8.374254309590236645e-01,5.178016242109821476e+00
5.192889739817887929e+00,-1.052467832186213315e+01
8.334449550198417711e+00,-1.066547385565167971e+01
2.634383654212927084e+00,-9.161512341940065696e-01
1.801585215640686854e+00,4.008253994815006216e+00
2.371164449190927392e+00,1.214994103259359193e+00
2.353827159102449329e+00,3.668718581052630157e+00
4.299401522942632781e+00,-7.875303500186634942e+00
2.305850034719196806e+00,4.688493198641266346e+00
-6.514134623175127370e-01,-4.051495805884991697e+00
7.253381492886123993e+00,-1.157897343298749071e+01
2.910010319286839398e+00,5.212521919799433689e+00
-5.076715751199714077e+00,-1.710089556936081667e+00
2.739958320076250509e+00,5.611885388220790638e+00
6.906716943008500031e+00,-1.100154088997831181e+01
-1.492844052418817347e+00,-5.837713351771699699e+00
2.564175930534280390e+00,-1.211195473982143156e+01
2.731729919785103711e+00,-7.465904360643081716e+00
3.068214222799011015e+00,4.481999502634522514e+00
3.771392839582316192e+00,-1.124190344660564733e+01
2.081780709452192735e+00,-7.074175010795990204e+00
6.330547322481145045e+00,-8.996822497088205139e+00
2.085701872713077165e+00,6.488031500676278540e+00
5.853471122174714658e+00,-7.348899404285028858e+00
5.957436036719158778e+00,-9.367863961382031590e+00
3.068704127008018201e+00,-9.883226426023313138e+00
3.485886334196430347e+00,-7.222257349235189139e+00
2.850720269904475579e+00,5.482183381153424406e+00
3.300999423462946947e+00,-1.163524508614238862e+01
1.583780380740612781e+00,-5.603627891076939704e+00
1.677017736268993087e+00,6.503967825596244090e+00
8.452917317524832441e+00,-9.869628189290764908e+00
6.388967738726899270e+00,3.448104147715226553e+00
2.771234545165871310e+00,-6.574921157710810427e+00
3.011074384426361661e+00,-1.360091139804659122e+01
4.002334589331858261e+00,1.707988185531481129e+00
-2.055895689671007887e-01,-9.365872160175056749e+00
4.366407736807667028e+00,-8.273767030888663498e+00
3.419617681446698754e+00,4.306576195398831075e+00
1.138557419527737036e+00,6.036140536043038907e+00
-6.335418221582924225e+00,-2.821812393740319891e+00
3.024076775727755351e+00,7.154521240127664328e+00
3.271709783888628653e+00,-9.213213243986373868e+00
1.284502417037916899e+00,5.915072800701793199e+00
1.425051636044864622e+00,6.535738118682612452e+00
2.722757063688226786e+00,5.997059578843443539e+00
6.225067612572552811e+00,-1.460789921092689347e+01
5.058595086948469266e+00,-5.464737500575801654e+00
6.723471695418345107e+00,-9.633818090785185362e+00
-7.533242391170155372e+00,8.442246386126761593e-02
-4.012980302297629032e-01,-4.175568418551880434e+00
4.154474442169243886e+00,-7.365950555894448470e+00
8.304920322331160065e+00,-6.820667762831842396e+00
-1.685876386591281140e+00,-7.626942070104655969e+00
1.558555776131927306e+00,5.035228677657869412e+00
2.820545752974080944e+00,6.439601005268525746e+00
3.484543128105189957e+00,-6.499337945166621999e+00
7.823616526985256669e+00,-1.020252264040733436e+01
4.645977137474785579e+00,-8.300059763943929525e+00
2.506069997977630415e+00,-7.496290138550513404e+00
2.004270471026390332e+00,-8.360366387814869071e+00
4.980880724330486231e+00,-8.461216082876033440e+00
2.126928890266835737e+00,3.960656742268849229e+00
3.413275741742901381e+00,-1.010002826241490226e+01
2.058258059512773741e+00,-9.792088020385714131e+00
4.927978748114548502e+00,-1.442868426351748390e+00
-2.200590740375504950e+00,-6.777356461849150193e+00
7.248277642168847734e+00,-1.137591148463240742e+01
4.412731790700894052e+00,5.523403348049503947e+00
2.531680553877862394e+00,4.974786720200055967e+00
1.889189367086500093e+00,5.741324958645134480e+00
6.568427596751568842e+00,-9.076822100534913673e+00
9.026253915874300482e-01,4.925937015215541948e+00
-1.755475460985515657e+00,-3.395632513590960855e+00
6.111865662859119475e+00,-7.839700681986159658e+00
7.341835344710291977e+00,-7.954519649955132721e+00
3.158823447781843985e+00,2.547379619677530016e-01
-5.332000024956988327e+00,-1.557047826369123644e+00
4.490650846492468595e+00,-7.748412901533166419e+00
-2.223402588139323122e+00,-3.519487357431167140e+00
6.566279950040224023e+00,-8.366540197316041372e+00
3.511344607097312664e+00,5.388321769570101338e+00
2.723295323212713726e+00,4.291009381510937359e+00
2.458386237835929577e+00,4.781288901623941712e+00
3.392714346889092347e+00,-8.613761472034523692e+00
-5.683555873149345850e+00,-4.689613150429578603e+00
5.559807737528157823e+00,-6.863413166822248002e+00
5.374602191702546605e+00,-9.006772605204099946e+00
2.974740903858809737e+00,-1.002854728561095854e+01
4.851154038033757665e+00,-1.230358215902396779e+01
-2.863687730985700064e+00,-5.556289949657387872e+00
3.691563938086364516e+00,3.309555419022302658e+00
2.849078688366280532e-01,-9.408150192194995043e+00
2.664520416000681013e+00,-1.217244300349878472e+01
2.807784829144645222e+00,5.720541072678608785e+00
1.601116750478979389e+00,5.714471013590994630e+00
3.599071635195137731e+00,4.928020234928527366e+00
